,sum_sq,df,F,PR(>F)
C(model),5.329223330773982,3.0,23.818148858745904,3.6860695947947885e-15
C(species),13714.934011620999,13.0,14145.415523828025,0.0
C(treatment),43.44489206740094,1.0,582.510907605304,5.839949898495085e-114
C(model):C(treatment),1.2514507989752863,3.0,5.5931680039126555,0.0008078144225126671
C(species):C(treatment),44.03213720155759,13.0,45.41420881722652,2.5816423992855895e-103
C(model):C(species),14.435431988394011,39.0,4.962842780693725,3.404995419006272e-21
C(model):C(species):C(treatment),4.016961774995511,39.0,1.3810151134643678,0.05928762103862343
Residual,158.71072818102778,2128.0,,
