"model","groups","median"
"DL","b",0.00544599633945386
"PLS","a",0.154871292237183
"RF-PCA","a",0.218373162275807
"XGB-PCA","a",0.154850638545844
