"model","groups","median"
"DL","a",1.47334368849789
"PLS","a",1.2759451516454
"RF-PCA","a",1.37405047243536
"XGB-PCA","a",1.2992095853038
