,sum_sq,df,F,PR(>F)
C(model),9.975761501050041,3.0,13.629541011051993,9.944899199265315e-09
C(species),442.1354919771932,13.0,139.40182341068555,4.857344963100389e-219
C(model):C(species),19.347645846412924,39.0,2.0333865663614743,0.00021916042218847793
Residual,259.5883512269498,1064.0,,
