,sum_sq,df,F,PR(>F)
C(model),2.3111655795297454,3.0,9.089050100399533,6.071369525797742e-06
C(species),6654.252833549568,13.0,6038.994541629675,0.0
C(model):C(species),6.394597380386408,39.0,1.9344490229052287,0.0005823328237332364
Residual,90.18471492092644,1064.0,,
