,sum_sq,df,F,PR(>F)
C(model),1.2638233736906725,3.0,7.425161796465152,6.0805415937801845e-05
C(species),998.605129712446,7.0,2514.412608116934,0.0
C(treatment),3.126287518214761,2.0,27.55114891239816,1.6287793717062047e-12
C(model):C(treatment),0.40333863929986596,6.0,1.1848390834954636,0.31142763339299595
C(species):C(treatment),18.93960873511044,14.0,23.84425514120698,3.1493935469201223e-57
C(model):C(species),17.175790210975993,21.0,14.415782633817566,1.797550405605184e-47
C(model):C(species):C(treatment),2.7763500468882576,42.0,1.1651067665508026,0.21803271756247816
Residual,103.48658147351594,1824.0,,
