sample_type,origin,metric,count,mean,std,min,25%,50%,75%,max
HNS,natural,r,91.0,0.09927824257252627,0.41949983374830746,-0.6713387499904777,-0.2172956528547847,0.1205031517853679,0.40520179615434143,0.9777392969285761
HNS,natural,r-sq,91.0,0.1839024325948518,0.22259717868681386,3.352617302800403e-07,0.023234206641839852,0.11559968512617314,0.2500073334972319,0.9559741327583863
HNS,synthetic,r,91.0,0.09820123366581868,0.3039169395845705,-0.5195280360433587,-0.07093513631869895,0.060384162798973955,0.14257297618040055,0.9877351630778658
HNS,synthetic,r-sq,91.0,0.10099398289767145,0.24743304467782903,1.8427531167848155e-05,0.004465040336091214,0.014902930333839165,0.04031205991117648,0.9756207523804581
Streams,natural,r,28.0,0.062483989205807534,0.37679765828790673,-0.24783936660332823,-0.20485131957163177,-0.07784423675087714,0.1938339288605009,0.951512547266129
Streams,natural,r-sq,28.0,0.14081013579506269,0.2727419798148227,0.00192940242022083,0.028746257237048642,0.04223007793318405,0.06086720395033169,0.9053761276048774
Streams,synthetic,r,28.0,0.14490879995056669,0.36046563988231994,-0.22876325033998635,-0.08841910643572279,0.03898198016829546,0.22601574087724333,0.9996747919478086
Streams,synthetic,r-sq,28.0,0.14629348506974907,0.28732940738990764,1.7290903383190085e-07,0.0033080450301701415,0.030170830827093778,0.05420456402348134,0.9993496896558944
